Workbook

Sheet 总览看板
A1: 动态学习计划总览看板
A3: 目标 | B3: [具体目标] | J3: 总进度 | K3: =IFERROR((COUNTIF('周计划明细'!$H$2:$H$200,"25%")*0.25+COUNTIF('周计划明细'!$H$2:$H$200,"50%")*0.5+COUNTIF('周计划明细'!$H$2:$H$200,"75%")*0.75+COUNTIF('周计划明细'!$H$2:$H$200,"100%"))/MAX(1,COUNTA('周计划明细'!$A$2:$A$200)),0)
A4: 可用总时长 | B4: [X小时/周] | J4: 进度条 | K4: =REPT("|",ROUND(K3*20,0))&REPT(".",20-ROUND(K3*20,0))
A5: 注意力集中时长 | B5: [25分钟番茄钟 / 90分钟深度学习] | J5: 已完成天数 | K5: =COUNTIF('周计划明细'!$H$2:$H$200,"100%")
A6: 学习风格 | B6: [视觉型 / 听觉型 / 动手实践型 / 阅读型] | J6: 知识点精通率 | K6: =IFERROR(COUNTIF('知识点追踪'!$D$2:$D$200,"精通")/MAX(1,COUNTA('知识点追踪'!$B$2:$B$200)),0)
A8: 阶段 | B8: 时间节点 | C8: 核心模块 | D8: 里程碑 | E8: 验收标准 | F8: 当前状态 | G8: 阶段进度 | I8: 模块 | J8: 计划投入(h) | K8: 占比
A9: 阶段1 启动 | B9: 第1-2周 | C9: 基础理论 | D9: 完成知识框架搭建 | E9: 能复述核心概念并完成基础题 80% | F9: 进行中 | G9: =IF(F9="已完成",1,IF(F9="进行中",0.5,0)) | I9: 基础理论 | J9: =SUMIF(统计源!$C$2:$C$800,I9,统计源!$D$2:$D$800) | K9: =IFERROR(J9/SUM($J$9:$J$13),0)
A10: 阶段2 强化 | B10: 第3-6周 | C10: 核心技能 | D10: 完成重点模块训练 | E10: 能独立完成综合练习并输出错题清单 | F10: 未开始 | G10: =IF(F10="已完成",1,IF(F10="进行中",0.5,0)) | I10: 核心技能 | J10: =SUMIF(统计源!$C$2:$C$800,I10,统计源!$D$2:$D$800) | K10: =IFERROR(J10/SUM($J$9:$J$13),0)
A11: 阶段3 输出 | B11: 第7-8周 | C11: 实战应用 | D11: 完成项目/模拟考/复盘 | E11: 达到目标分数或完成项目交付 | F11: 未开始 | G11: =IF(F11="已完成",1,IF(F11="进行中",0.5,0)) | I11: 实战应用 | J11: =SUMIF(统计源!$C$2:$C$800,I11,统计源!$D$2:$D$800) | K11: =IFERROR(J11/SUM($J$9:$J$13),0)
I12: 复盘输出 | J12: =SUMIF(统计源!$C$2:$C$800,I12,统计源!$D$2:$D$800) | K12: =IFERROR(J12/SUM($J$9:$J$13),0)
I13: 机动调整 | J13: =SUMIF(统计源!$C$2:$C$800,I13,统计源!$D$2:$D$800) | K13: =IFERROR(J13/SUM($J$9:$J$13),0)
A15: 调整日期 | B15: 变更内容 | C15: 变更原因 | D15: 影响范围 | E15: 应对措施
A16: 46230 | B16: 晚间学习改为错题复盘 | C16: 连续两天注意力下降 | D16: 晚间时段 | E16: 将重内容前移到上午
A17: 46237 | B17: 周末增加 2 小时机动时段 | C17: 阶段测验暴露薄弱点 | D17: 周末计划 | E17: 补强化练习与复盘

Sheet 周计划明细
A1: 周次 | B1: 日期 | C1: 星期 | D1: 上午内容 | E1: 下午内容 | F1: 晚上内容 | G1: 学习时长(自动求和) | H1: 完成度 | I1: 实际用时 | J1: 差异分析
A2: 1 | B2: 46223 | C2: =TEXT(B2,"aaaa") | D2: 基础理论:课程导学|1.5h | E2: 核心技能:例题拆解|1.0h | F2: 复盘输出:学习笔记|0.5h | G2: =SUM(IFERROR(VALUE(TEXTBEFORE(TEXTAFTER(D2,"|"),"h")),0),IFERROR(VALUE(TEXTBEFORE(TEXTAFTER(E2,"|"),"h")),0),IFERROR(VALUE(TEXTBEFORE(TEXTAFTER(F2,"|"),"h")),0)) | H2: 75% | I2: 1.8 | J2: =IF(OR(G2="",I2=""),"待填写",IF(I2>G2,"超时 "&TEXT(I2-G2,"0.0")&"h",IF(I2<G2,"节省 "&TEXT(G2-I2,"0.0")&"h","符合预期")))
A3: 1 | B3: 46224 | C3: =TEXT(B3,"aaaa") | D3: 核心技能:章节练习|2.0h | E3: 实战应用:案例模仿|1.0h | F3: 复盘输出:错题整理|0.5h | G3: =SUM(IFERROR(VALUE(TEXTBEFORE(TEXTAFTER(D3,"|"),"h")),0),IFERROR(VALUE(TEXTBEFORE(TEXTAFTER(E3,"|"),"h")),0),IFERROR(VALUE(TEXTBEFORE(TEXTAFTER(F3,"|"),"h")),0)) | H3: 100% | I3: 3.5 | J3: =IF(OR(G3="",I3=""),"待填写",IF(I3>G3,"超时 "&TEXT(I3-G3,"0.0")&"h",IF(I3<G3,"节省 "&TEXT(G3-I3,"0.0")&"h","符合预期")))
A4: 1 | B4: 46225 | C4: =TEXT(B4,"aaaa") | D4: 基础理论:知识回顾|1.0h | E4: 核心技能:专项训练|1.5h | F4: 机动调整:补漏复习|0.5h | G4: =SUM(IFERROR(VALUE(TEXTBEFORE(TEXTAFTER(D4,"|"),"h")),0),IFERROR(VALUE(TEXTBEFORE(TEXTAFTER(E4,"|"),"h")),0),IFERROR(VALUE(TEXTBEFORE(TEXTAFTER(F4,"|"),"h")),0)) | H4: 50% | I4: 2.2 | J4: =IF(OR(G4="",I4=""),"待填写",IF(I4>G4,"超时 "&TEXT(I4-G4,"0.0")&"h",IF(I4<G4,"节省 "&TEXT(G4-I4,"0.0")&"h","符合预期")))

Sheet 知识点追踪
A1: 模块 | B1: 知识点 | C1: 难度等级(1-5星) | D1: 掌握程度 | E1: 首次学习日期 | F1: 复习日期1 | G1: 复习日期2 | H1: 复习日期3 | I1: 关联知识点 | J1: 复习日期4 | K1: 复习日期5 | L1: 复习提醒
A2: 基础理论 | B2: 函数极限 | C2: ★★★☆☆ | D2: 熟悉 | E2: 46223 | F2: =E2+1 | G2: =E2+2 | H2: =E2+4 | I2: 导数定义 | J2: =E2+7 | K2: =E2+15 | L2: =IF(E2="","",IF(TODAY()>K2,"应进行第5次复习",IF(TODAY()>J2,"应进行第4次复习",IF(TODAY()>H2,"应进行第3次复习",IF(TODAY()>G2,"应进行第2次复习",IF(TODAY()>F2,"应进行第1次复习","未到复习日"))))))
A3: 核心技能 | B3: 题型拆解 | C3: ★★★★☆ | D3: 生疏 | E3: 46224 | F3: =E3+1 | G3: =E3+2 | H3: =E3+4 | I3: 错题归因 | J3: =E3+7 | K3: =E3+15 | L3: =IF(E3="","",IF(TODAY()>K3,"应进行第5次复习",IF(TODAY()>J3,"应进行第4次复习",IF(TODAY()>H3,"应进行第3次复习",IF(TODAY()>G3,"应进行第2次复习",IF(TODAY()>F3,"应进行第1次复习","未到复习日"))))))
A4: 实战应用 | B4: 综合案例 | C4: ★★★★★ | D4: 生疏 | E4: 46225 | F4: =E4+1 | G4: =E4+2 | H4: =E4+4 | I4: 项目复盘 | J4: =E4+7 | K4: =E4+15 | L4: =IF(E4="","",IF(TODAY()>K4,"应进行第5次复习",IF(TODAY()>J4,"应进行第4次复习",IF(TODAY()>H4,"应进行第3次复习",IF(TODAY()>G4,"应进行第2次复习",IF(TODAY()>F4,"应进行第1次复习","未到复习日"))))))

Sheet 资源清单
A1: 资源名称 | B1: 类型(书/视频/题库/文档) | C1: 对应模块 | D1: 预估耗时 | E1: 已用时长 | F1: 完成状态 | G1: 链接/位置 | H1: 质量评分
A2: 《基础课程讲义》 | B2: 书 | C2: 基础理论 | D2: 6 | E2: 2 | F2: 进行中 | G2: 本地/教材 | H2: 4.5
A3: 专项题训练营 | B3: 题库 | C3: 核心技能 | D3: 10 | E3: 4 | F3: 进行中 | G3: 在线题库 | H3: 4.8
A4: 案例拆解视频 | B4: 视频 | C4: 实战应用 | D4: 5 | E4: 0 | F4: 未开始 | G4: 网盘/课程平台 | H4: 4.2

Sheet 统计源
A1: 来源行 | B1: 时段 | C1: 模块 | D1: 计划时长
A2: 2 | B2: 上午 | C2: =IFERROR(TEXTBEFORE('周计划明细'!D2,":"),"") | D2: =IFERROR(VALUE(TEXTBEFORE(TEXTAFTER('周计划明细'!D2,"|"),"h")),0)
A3: 2 | B3: 下午 | C3: =IFERROR(TEXTBEFORE('周计划明细'!E2,":"),"") | D3: =IFERROR(VALUE(TEXTBEFORE(TEXTAFTER('周计划明细'!E2,"|"),"h")),0)
A4: 2 | B4: 晚上 | C4: =IFERROR(TEXTBEFORE('周计划明细'!F2,":"),"") | D4: =IFERROR(VALUE(TEXTBEFORE(TEXTAFTER('周计划明细'!F2,"|"),"h")),0)
A5: 3 | B5: 上午 | C5: =IFERROR(TEXTBEFORE('周计划明细'!D3,":"),"") | D5: =IFERROR(VALUE(TEXTBEFORE(TEXTAFTER('周计划明细'!D3,"|"),"h")),0)
A6: 3 | B6: 下午 | C6: =IFERROR(TEXTBEFORE('周计划明细'!E3,":"),"") | D6: =IFERROR(VALUE(TEXTBEFORE(TEXTAFTER('周计划明细'!E3,"|"),"h")),0)
A7: 3 | B7: 晚上 | C7: =IFERROR(TEXTBEFORE('周计划明细'!F3,":"),"") | D7: =IFERROR(VALUE(TEXTBEFORE(TEXTAFTER('周计划明细'!F3,"|"),"h")),0)
A8: 4 | B8: 上午 | C8: =IFERROR(TEXTBEFORE('周计划明细'!D4,":"),"") | D8: =IFERROR(VALUE(TEXTBEFORE(TEXTAFTER('周计划明细'!D4,"|"),"h")),0)
A9: 4 | B9: 下午 | C9: =IFERROR(TEXTBEFORE('周计划明细'!E4,":"),"") | D9: =IFERROR(VALUE(TEXTBEFORE(TEXTAFTER('周计划明细'!E4,"|"),"h")),0)
A10: 4 | B10: 晚上 | C10: =IFERROR(TEXTBEFORE('周计划明细'!F4,":"),"") | D10: =IFERROR(VALUE(TEXTBEFORE(TEXTAFTER('周计划明细'!F4,"|"),"h")),0)
A11: 5 | B11: 上午 | C11: =IFERROR(TEXTBEFORE('周计划明细'!D5,":"),"") | D11: =IFERROR(VALUE(TEXTBEFORE(TEXTAFTER('周计划明细'!D5,"|"),"h")),0)
A12: 5 | B12: 下午 | C12: =IFERROR(TEXTBEFORE('周计划明细'!E5,":"),"") | D12: =IFERROR(VALUE(TEXTBEFORE(TEXTAFTER('周计划明细'!E5,"|"),"h")),0)
A13: 5 | B13: 晚上 | C13: =IFERROR(TEXTBEFORE('周计划明细'!F5,":"),"") | D13: =IFERROR(VALUE(TEXTBEFORE(TEXTAFTER('周计划明细'!F5,"|"),"h")),0)
A14: 6 | B14: 上午 | C14: =IFERROR(TEXTBEFORE('周计划明细'!D6,":"),"") | D14: =IFERROR(VALUE(TEXTBEFORE(TEXTAFTER('周计划明细'!D6,"|"),"h")),0)
A15: 6 | B15: 下午 | C15: =IFERROR(TEXTBEFORE('周计划明细'!E6,":"),"") | D15: =IFERROR(VALUE(TEXTBEFORE(TEXTAFTER('周计划明细'!E6,"|"),"h")),0)
A16: 6 | B16: 晚上 | C16: =IFERROR(TEXTBEFORE('周计划明细'!F6,":"),"") | D16: =IFERROR(VALUE(TEXTBEFORE(TEXTAFTER('周计划明细'!F6,"|"),"h")),0)
A17: 7 | B17: 上午 | C17: =IFERROR(TEXTBEFORE('周计划明细'!D7,":"),"") | D17: =IFERROR(VALUE(TEXTBEFORE(TEXTAFTER('周计划明细'!D7,"|"),"h")),0)
A18: 7 | B18: 下午 | C18: =IFERROR(TEXTBEFORE('周计划明细'!E7,":"),"") | D18: =IFERROR(VALUE(TEXTBEFORE(TEXTAFTER('周计划明细'!E7,"|"),"h")),0)
A19: 7 | B19: 晚上 | C19: =IFERROR(TEXTBEFORE('周计划明细'!F7,":"),"") | D19: =IFERROR(VALUE(TEXTBEFORE(TEXTAFTER('周计划明细'!F7,"|"),"h")),0)
A20: 8 | B20: 上午 | C20: =IFERROR(TEXTBEFORE('周计划明细'!D8,":"),"") | D20: =IFERROR(VALUE(TEXTBEFORE(TEXTAFTER('周计划明细'!D8,"|"),"h")),0)
A21: 8 | B21: 下午 | C21: =IFERROR(TEXTBEFORE('周计划明细'!E8,":"),"") | D21: =IFERROR(VALUE(TEXTBEFORE(TEXTAFTER('周计划明细'!E8,"|"),"h")),0)
A22: 8 | B22: 晚上 | C22: =IFERROR(TEXTBEFORE('周计划明细'!F8,":"),"") | D22: =IFERROR(VALUE(TEXTBEFORE(TEXTAFTER('周计划明细'!F8,"|"),"h")),0)
A23: 9 | B23: 上午 | C23: =IFERROR(TEXTBEFORE('周计划明细'!D9,":"),"") | D23: =IFERROR(VALUE(TEXTBEFORE(TEXTAFTER('周计划明细'!D9,"|"),"h")),0)
A24: 9 | B24: 下午 | C24: =IFERROR(TEXTBEFORE('周计划明细'!E9,":"),"") | D24: =IFERROR(VALUE(TEXTBEFORE(TEXTAFTER('周计划明细'!E9,"|"),"h")),0)
A25: 9 | B25: 晚上 | C25: =IFERROR(TEXTBEFORE('周计划明细'!F9,":"),"") | D25: =IFERROR(VALUE(TEXTBEFORE(TEXTAFTER('周计划明细'!F9,"|"),"h")),0)
A26: 10 | B26: 上午 | C26: =IFERROR(TEXTBEFORE('周计划明细'!D10,":"),"") | D26: =IFERROR(VALUE(TEXTBEFORE(TEXTAFTER('周计划明细'!D10,"|"),"h")),0)
A27: 10 | B27: 下午 | C27: =IFERROR(TEXTBEFORE('周计划明细'!E10,":"),"") | D27: =IFERROR(VALUE(TEXTBEFORE(TEXTAFTER('周计划明细'!E10,"|"),"h")),0)
A28: 10 | B28: 晚上 | C28: =IFERROR(TEXTBEFORE('周计划明细'!F10,":"),"") | D28: =IFERROR(VALUE(TEXTBEFORE(TEXTAFTER('周计划明细'!F10,"|"),"h")),0)
A29: 11 | B29: 上午 | C29: =IFERROR(TEXTBEFORE('周计划明细'!D11,":"),"") | D29: =IFERROR(VALUE(TEXTBEFORE(TEXTAFTER('周计划明细'!D11,"|"),"h")),0)
A30: 11 | B30: 下午 | C30: =IFERROR(TEXTBEFORE('周计划明细'!E11,":"),"") | D30: =IFERROR(VALUE(TEXTBEFORE(TEXTAFTER('周计划明细'!E11,"|"),"h")),0)
A31: 11 | B31: 晚上 | C31: =IFERROR(TEXTBEFORE('周计划明细'!F11,":"),"") | D31: =IFERROR(VALUE(TEXTBEFORE(TEXTAFTER('周计划明细'!F11,"|"),"h")),0)
A32: 12 | B32: 上午 | C32: =IFERROR(TEXTBEFORE('周计划明细'!D12,":"),"") | D32: =IFERROR(VALUE(TEXTBEFORE(TEXTAFTER('周计划明细'!D12,"|"),"h")),0)
A33: 12 | B33: 下午 | C33: =IFERROR(TEXTBEFORE('周计划明细'!E12,":"),"") | D33: =IFERROR(VALUE(TEXTBEFORE(TEXTAFTER('周计划明细'!E12,"|"),"h")),0)
A34: 12 | B34: 晚上 | C34: =IFERROR(TEXTBEFORE('周计划明细'!F12,":"),"") | D34: =IFERROR(VALUE(TEXTBEFORE(TEXTAFTER('周计划明细'!F12,"|"),"h")),0)
A35: 13 | B35: 上午 | C35: =IFERROR(TEXTBEFORE('周计划明细'!D13,":"),"") | D35: =IFERROR(VALUE(TEXTBEFORE(TEXTAFTER('周计划明细'!D13,"|"),"h")),0)
A36: 13 | B36: 下午 | C36: =IFERROR(TEXTBEFORE('周计划明细'!E13,":"),"") | D36: =IFERROR(VALUE(TEXTBEFORE(TEXTAFTER('周计划明细'!E13,"|"),"h")),0)
A37: 13 | B37: 晚上 | C37: =IFERROR(TEXTBEFORE('周计划明细'!F13,":"),"") | D37: =IFERROR(VALUE(TEXTBEFORE(TEXTAFTER('周计划明细'!F13,"|"),"h")),0)
A38: 14 | B38: 上午 | C38: =IFERROR(TEXTBEFORE('周计划明细'!D14,":"),"") | D38: =IFERROR(VALUE(TEXTBEFORE(TEXTAFTER('周计划明细'!D14,"|"),"h")),0)
A39: 14 | B39: 下午 | C39: =IFERROR(TEXTBEFORE('周计划明细'!E14,":"),"") | D39: =IFERROR(VALUE(TEXTBEFORE(TEXTAFTER('周计划明细'!E14,"|"),"h")),0)
A40: 14 | B40: 晚上 | C40: =IFERROR(TEXTBEFORE('周计划明细'!F14,":"),"") | D40: =IFERROR(VALUE(TEXTBEFORE(TEXTAFTER('周计划明细'!F14,"|"),"h")),0)
A41: 15 | B41: 上午 | C41: =IFERROR(TEXTBEFORE('周计划明细'!D15,":"),"") | D41: =IFERROR(VALUE(TEXTBEFORE(TEXTAFTER('周计划明细'!D15,"|"),"h")),0)
A42: 15 | B42: 下午 | C42: =IFERROR(TEXTBEFORE('周计划明细'!E15,":"),"") | D42: =IFERROR(VALUE(TEXTBEFORE(TEXTAFTER('周计划明细'!E15,"|"),"h")),0)
A43: 15 | B43: 晚上 | C43: =IFERROR(TEXTBEFORE('周计划明细'!F15,":"),"") | D43: =IFERROR(VALUE(TEXTBEFORE(TEXTAFTER('周计划明细'!F15,"|"),"h")),0)
A44: 16 | B44: 上午 | C44: =IFERROR(TEXTBEFORE('周计划明细'!D16,":"),"") | D44: =IFERROR(VALUE(TEXTBEFORE(TEXTAFTER('周计划明细'!D16,"|"),"h")),0)
A45: 16 | B45: 下午 | C45: =IFERROR(TEXTBEFORE('周计划明细'!E16,":"),"") | D45: =IFERROR(VALUE(TEXTBEFORE(TEXTAFTER('周计划明细'!E16,"|"),"h")),0)
A46: 16 | B46: 晚上 | C46: =IFERROR(TEXTBEFORE('周计划明细'!F16,":"),"") | D46: =IFERROR(VALUE(TEXTBEFORE(TEXTAFTER('周计划明细'!F16,"|"),"h")),0)
A47: 17 | B47: 上午 | C47: =IFERROR(TEXTBEFORE('周计划明细'!D17,":"),"") | D47: =IFERROR(VALUE(TEXTBEFORE(TEXTAFTER('周计划明细'!D17,"|"),"h")),0)
A48: 17 | B48: 下午 | C48: =IFERROR(TEXTBEFORE('周计划明细'!E17,":"),"") | D48: =IFERROR(VALUE(TEXTBEFORE(TEXTAFTER('周计划明细'!E17,"|"),"h")),0)
A49: 17 | B49: 晚上 | C49: =IFERROR(TEXTBEFORE('周计划明细'!F17,":"),"") | D49: =IFERROR(VALUE(TEXTBEFORE(TEXTAFTER('周计划明细'!F17,"|"),"h")),0)
A50: 18 | B50: 上午 | C50: =IFERROR(TEXTBEFORE('周计划明细'!D18,":"),"") | D50: =IFERROR(VALUE(TEXTBEFORE(TEXTAFTER('周计划明细'!D18,"|"),"h")),0)
A51: 18 | B51: 下午 | C51: =IFERROR(TEXTBEFORE('周计划明细'!E18,":"),"") | D51: =IFERROR(VALUE(TEXTBEFORE(TEXTAFTER('周计划明细'!E18,"|"),"h")),0)
A52: 18 | B52: 晚上 | C52: =IFERROR(TEXTBEFORE('周计划明细'!F18,":"),"") | D52: =IFERROR(VALUE(TEXTBEFORE(TEXTAFTER('周计划明细'!F18,"|"),"h")),0)
A53: 19 | B53: 上午 | C53: =IFERROR(TEXTBEFORE('周计划明细'!D19,":"),"") | D53: =IFERROR(VALUE(TEXTBEFORE(TEXTAFTER('周计划明细'!D19,"|"),"h")),0)
A54: 19 | B54: 下午 | C54: =IFERROR(TEXTBEFORE('周计划明细'!E19,":"),"") | D54: =IFERROR(VALUE(TEXTBEFORE(TEXTAFTER('周计划明细'!E19,"|"),"h")),0)
A55: 19 | B55: 晚上 | C55: =IFERROR(TEXTBEFORE('周计划明细'!F19,":"),"") | D55: =IFERROR(VALUE(TEXTBEFORE(TEXTAFTER('周计划明细'!F19,"|"),"h")),0)
A56: 20 | B56: 上午 | C56: =IFERROR(TEXTBEFORE('周计划明细'!D20,":"),"") | D56: =IFERROR(VALUE(TEXTBEFORE(TEXTAFTER('周计划明细'!D20,"|"),"h")),0)
A57: 20 | B57: 下午 | C57: =IFERROR(TEXTBEFORE('周计划明细'!E20,":"),"") | D57: =IFERROR(VALUE(TEXTBEFORE(TEXTAFTER('周计划明细'!E20,"|"),"h")),0)
A58: 20 | B58: 晚上 | C58: =IFERROR(TEXTBEFORE('周计划明细'!F20,":"),"") | D58: =IFERROR(VALUE(TEXTBEFORE(TEXTAFTER('周计划明细'!F20,"|"),"h")),0)
A59: 21 | B59: 上午 | C59: =IFERROR(TEXTBEFORE('周计划明细'!D21,":"),"") | D59: =IFERROR(VALUE(TEXTBEFORE(TEXTAFTER('周计划明细'!D21,"|"),"h")),0)
A60: 21 | B60: 下午 | C60: =IFERROR(TEXTBEFORE('周计划明细'!E21,":"),"") | D60: =IFERROR(VALUE(TEXTBEFORE(TEXTAFTER('周计划明细'!E21,"|"),"h")),0)
A61: 21 | B61: 晚上 | C61: =IFERROR(TEXTBEFORE('周计划明细'!F21,":"),"") | D61: =IFERROR(VALUE(TEXTBEFORE(TEXTAFTER('周计划明细'!F21,"|"),"h")),0)
A62: 22 | B62: 上午 | C62: =IFERROR(TEXTBEFORE('周计划明细'!D22,":"),"") | D62: =IFERROR(VALUE(TEXTBEFORE(TEXTAFTER('周计划明细'!D22,"|"),"h")),0)
A63: 22 | B63: 下午 | C63: =IFERROR(TEXTBEFORE('周计划明细'!E22,":"),"") | D63: =IFERROR(VALUE(TEXTBEFORE(TEXTAFTER('周计划明细'!E22,"|"),"h")),0)
A64: 22 | B64: 晚上 | C64: =IFERROR(TEXTBEFORE('周计划明细'!F22,":"),"") | D64: =IFERROR(VALUE(TEXTBEFORE(TEXTAFTER('周计划明细'!F22,"|"),"h")),0)
A65: 23 | B65: 上午 | C65: =IFERROR(TEXTBEFORE('周计划明细'!D23,":"),"") | D65: =IFERROR(VALUE(TEXTBEFORE(TEXTAFTER('周计划明细'!D23,"|"),"h")),0)
A66: 23 | B66: 下午 | C66: =IFERROR(TEXTBEFORE('周计划明细'!E23,":"),"") | D66: =IFERROR(VALUE(TEXTBEFORE(TEXTAFTER('周计划明细'!E23,"|"),"h")),0)
A67: 23 | B67: 晚上 | C67: =IFERROR(TEXTBEFORE('周计划明细'!F23,":"),"") | D67: =IFERROR(VALUE(TEXTBEFORE(TEXTAFTER('周计划明细'!F23,"|"),"h")),0)
A68: 24 | B68: 上午 | C68: =IFERROR(TEXTBEFORE('周计划明细'!D24,":"),"") | D68: =IFERROR(VALUE(TEXTBEFORE(TEXTAFTER('周计划明细'!D24,"|"),"h")),0)
A69: 24 | B69: 下午 | C69: =IFERROR(TEXTBEFORE('周计划明细'!E24,":"),"") | D69: =IFERROR(VALUE(TEXTBEFORE(TEXTAFTER('周计划明细'!E24,"|"),"h")),0)
A70: 24 | B70: 晚上 | C70: =IFERROR(TEXTBEFORE('周计划明细'!F24,":"),"") | D70: =IFERROR(VALUE(TEXTBEFORE(TEXTAFTER('周计划明细'!F24,"|"),"h")),0)
A71: 25 | B71: 上午 | C71: =IFERROR(TEXTBEFORE('周计划明细'!D25,":"),"") | D71: =IFERROR(VALUE(TEXTBEFORE(TEXTAFTER('周计划明细'!D25,"|"),"h")),0)
A72: 25 | B72: 下午 | C72: =IFERROR(TEXTBEFORE('周计划明细'!E25,":"),"") | D72: =IFERROR(VALUE(TEXTBEFORE(TEXTAFTER('周计划明细'!E25,"|"),"h")),0)
A73: 25 | B73: 晚上 | C73: =IFERROR(TEXTBEFORE('周计划明细'!F25,":"),"") | D73: =IFERROR(VALUE(TEXTBEFORE(TEXTAFTER('周计划明细'!F25,"|"),"h")),0)
A74: 26 | B74: 上午 | C74: =IFERROR(TEXTBEFORE('周计划明细'!D26,":"),"") | D74: =IFERROR(VALUE(TEXTBEFORE(TEXTAFTER('周计划明细'!D26,"|"),"h")),0)
A75: 26 | B75: 下午 | C75: =IFERROR(TEXTBEFORE('周计划明细'!E26,":"),"") | D75: =IFERROR(VALUE(TEXTBEFORE(TEXTAFTER('周计划明细'!E26,"|"),"h")),0)
A76: 26 | B76: 晚上 | C76: =IFERROR(TEXTBEFORE('周计划明细'!F26,":"),"") | D76: =IFERROR(VALUE(TEXTBEFORE(TEXTAFTER('周计划明细'!F26,"|"),"h")),0)
A77: 27 | B77: 上午 | C77: =IFERROR(TEXTBEFORE('周计划明细'!D27,":"),"") | D77: =IFERROR(VALUE(TEXTBEFORE(TEXTAFTER('周计划明细'!D27,"|"),"h")),0)
A78: 27 | B78: 下午 | C78: =IFERROR(TEXTBEFORE('周计划明细'!E27,":"),"") | D78: =IFERROR(VALUE(TEXTBEFORE(TEXTAFTER('周计划明细'!E27,"|"),"h")),0)
A79: 27 | B79: 晚上 | C79: =IFERROR(TEXTBEFORE('周计划明细'!F27,":"),"") | D79: =IFERROR(VALUE(TEXTBEFORE(TEXTAFTER('周计划明细'!F27,"|"),"h")),0)
A80: 28 | B80: 上午 | C80: =IFERROR(TEXTBEFORE('周计划明细'!D28,":"),"") | D80: =IFERROR(VALUE(TEXTBEFORE(TEXTAFTER('周计划明细'!D28,"|"),"h")),0)
A81: 28 | B81: 下午 | C81: =IFERROR(TEXTBEFORE('周计划明细'!E28,":"),"") | D81: =IFERROR(VALUE(TEXTBEFORE(TEXTAFTER('周计划明细'!E28,"|"),"h")),0)
A82: 28 | B82: 晚上 | C82: =IFERROR(TEXTBEFORE('周计划明细'!F28,":"),"") | D82: =IFERROR(VALUE(TEXTBEFORE(TEXTAFTER('周计划明细'!F28,"|"),"h")),0)
A83: 29 | B83: 上午 | C83: =IFERROR(TEXTBEFORE('周计划明细'!D29,":"),"") | D83: =IFERROR(VALUE(TEXTBEFORE(TEXTAFTER('周计划明细'!D29,"|"),"h")),0)
A84: 29 | B84: 下午 | C84: =IFERROR(TEXTBEFORE('周计划明细'!E29,":"),"") | D84: =IFERROR(VALUE(TEXTBEFORE(TEXTAFTER('周计划明细'!E29,"|"),"h")),0)
A85: 29 | B85: 晚上 | C85: =IFERROR(TEXTBEFORE('周计划明细'!F29,":"),"") | D85: =IFERROR(VALUE(TEXTBEFORE(TEXTAFTER('周计划明细'!F29,"|"),"h")),0)
A86: 30 | B86: 上午 | C86: =IFERROR(TEXTBEFORE('周计划明细'!D30,":"),"") | D86: =IFERROR(VALUE(TEXTBEFORE(TEXTAFTER('周计划明细'!D30,"|"),"h")),0)
A87: 30 | B87: 下午 | C87: =IFERROR(TEXTBEFORE('周计划明细'!E30,":"),"") | D87: =IFERROR(VALUE(TEXTBEFORE(TEXTAFTER('周计划明细'!E30,"|"),"h")),0)
A88: 30 | B88: 晚上 | C88: =IFERROR(TEXTBEFORE('周计划明细'!F30,":"),"") | D88: =IFERROR(VALUE(TEXTBEFORE(TEXTAFTER('周计划明细'!F30,"|"),"h")),0)
A89: 31 | B89: 上午 | C89: =IFERROR(TEXTBEFORE('周计划明细'!D31,":"),"") | D89: =IFERROR(VALUE(TEXTBEFORE(TEXTAFTER('周计划明细'!D31,"|"),"h")),0)
A90: 31 | B90: 下午 | C90: =IFERROR(TEXTBEFORE('周计划明细'!E31,":"),"") | D90: =IFERROR(VALUE(TEXTBEFORE(TEXTAFTER('周计划明细'!E31,"|"),"h")),0)
A91: 31 | B91: 晚上 | C91: =IFERROR(TEXTBEFORE('周计划明细'!F31,":"),"") | D91: =IFERROR(VALUE(TEXTBEFORE(TEXTAFTER('周计划明细'!F31,"|"),"h")),0)
A92: 32 | B92: 上午 | C92: =IFERROR(TEXTBEFORE('周计划明细'!D32,":"),"") | D92: =IFERROR(VALUE(TEXTBEFORE(TEXTAFTER('周计划明细'!D32,"|"),"h")),0)
A93: 32 | B93: 下午 | C93: =IFERROR(TEXTBEFORE('周计划明细'!E32,":"),"") | D93: =IFERROR(VALUE(TEXTBEFORE(TEXTAFTER('周计划明细'!E32,"|"),"h")),0)
A94: 32 | B94: 晚上 | C94: =IFERROR(TEXTBEFORE('周计划明细'!F32,":"),"") | D94: =IFERROR(VALUE(TEXTBEFORE(TEXTAFTER('周计划明细'!F32,"|"),"h")),0)
A95: 33 | B95: 上午 | C95: =IFERROR(TEXTBEFORE('周计划明细'!D33,":"),"") | D95: =IFERROR(VALUE(TEXTBEFORE(TEXTAFTER('周计划明细'!D33,"|"),"h")),0)
A96: 33 | B96: 下午 | C96: =IFERROR(TEXTBEFORE('周计划明细'!E33,":"),"") | D96: =IFERROR(VALUE(TEXTBEFORE(TEXTAFTER('周计划明细'!E33,"|"),"h")),0)
A97: 33 | B97: 晚上 | C97: =IFERROR(TEXTBEFORE('周计划明细'!F33,":"),"") | D97: =IFERROR(VALUE(TEXTBEFORE(TEXTAFTER('周计划明细'!F33,"|"),"h")),0)
A98: 34 | B98: 上午 | C98: =IFERROR(TEXTBEFORE('周计划明细'!D34,":"),"") | D98: =IFERROR(VALUE(TEXTBEFORE(TEXTAFTER('周计划明细'!D34,"|"),"h")),0)
A99: 34 | B99: 下午 | C99: =IFERROR(TEXTBEFORE('周计划明细'!E34,":"),"") | D99: =IFERROR(VALUE(TEXTBEFORE(TEXTAFTER('周计划明细'!E34,"|"),"h")),0)
A100: 34 | B100: 晚上 | C100: =IFERROR(TEXTBEFORE('周计划明细'!F34,":"),"") | D100: =IFERROR(VALUE(TEXTBEFORE(TEXTAFTER('周计划明细'!F34,"|"),"h")),0)
...
